Aircraft Type,Max Range,Cruise Speed,Fuel Consumption at Cruise,ICAO CODES
Aircraft 1,3524.7049742240765,440.40715463611434,1084.211636452577,MULT
Aircraft 2,7463.252518242556,474.47513033429846,494.213926697652,KARA
Aircraft 3,7810.298938751365,463.79375646452456,402.75867661200454,PESH
Aircraft 4,1442.0665355348888,188,788.0084255970459,SIAL
Aircraft 5,6261.24001219725,411.28631086743667,993.2376736598702,SUKK
Aircraft 6,4335.214703304318,409.6853275323178,117.57642225394017,GUJR
Aircraft 7,6177.9366949345795,476.292540287285,1318.382159144638,RAWA
Aircraft 8,5428.937060964013,188,888,QUET
Aircraft 9,5405.201857225188,328.2310639108595,182.40055133313584,QUET
Aircraft 10,7248.204594769247,188,1378.8617257331666,GWAD
Aircraft 11,4878.737831520895,318.0700345098967,818.5935053694343,SUKK
Aircraft 12,1290.1098844114194,560.6795852147357,1479.5348783958611,PESH
Aircraft 13,2605.1946672813083,405.42740093057574,701.158428197363,SUKK
Aircraft 14,7266.646113705723,310.31052280725436,856.6091915204867,ISLA
Aircraft 15,7939.823686920979,487.7743685613424,750.1634507684654,KARA
Aircraft 16,581.318609948288,188,1381.1232402209619,SUKK
Aircraft 17,2035.1082315630101,188,1296.3926342445907,PESH
Aircraft 18,1619.924689678277,188,788.142581090077,SUKK
Aircraft 19,541.3302446374212,455.6276934123273,1354.0969921557357,KARA
Aircraft 20,1693.6967480786127,497.83402230891056,420.81148988419056,FAIS
Aircraft 21,6174.681965747092,188,913.9932735788594,RAWA
Aircraft 22,644.5993052516933,550.1690461829821,888,RAWA
Aircraft 23,4757.03085634509,372.9741186371995,1302.9006774537602,GUJR
Aircraft 24,741.8156647610953,188,198.897617199233,LAHO
Aircraft 25,2949.0452361251614,434.38032276816466,888,GWAD
Aircraft 26,2869.82314419305,188,186.2763917877785,LAHO
Aircraft 27,5438.434982755003,188,478.7074413737421,MULT
Aircraft 28,2247.9791381722744,188,921.7842671547444,KARA
Aircraft 29,4863.707848028303,516.759254893135,547.5898628398161,PESH
Aircraft 30,5105.52030796091,412.79090323546524,672.7464946520837,KARA
Aircraft 31,1951.4129679679188,574.0022486215112,982.1406637722071,QUET
Aircraft 32,1000.5218315615218,378.82747964826814,595.0342542284053,GWAD
Aircraft 33,6773.967498957067,349.0137847670318,935.8015721182369,GUJR
Aircraft 34,1418.2392878384635,598.8566783116582,1149.6837685564371,GWAD
Aircraft 35,5086.939258892816,188,698.7290959994594,ISLA
Aircraft 36,5147.5851281515925,561.6764471405293,1331.5922375311393,GUJR
Aircraft 37,4577.4672047900995,188,340.29477511930656,MULT
Aircraft 38,2384.6348175259527,513.3780021964519,1233.2962338644559,FAIS
Aircraft 39,3256.207089580511,539.7893514802392,1105.369810188677,QUET
Aircraft 40,6737.116317834041,371.7626189451185,444.2338600625887,GWAD
Aircraft 41,1450.435417748457,341.88139494756746,1093.5023464816793,PESH
Aircraft 42,4921.290693609738,455.5595915856038,1375.638274774602,QUET
Aircraft 43,2978.006275908455,491.408693056047,1206.7107847543061,FAIS
Aircraft 44,6267.172643388454,188,466.80841203766556,GUJR
Aircraft 45,3145.9759227377317,493.8910363794659,888,GWAD
Aircraft 46,3154.75056169773,527.9538556906112,1123.5634265916342,SIAL
Aircraft 47,4468.848873238983,395.4936005044046,1364.3422748955934,MULT
Aircraft 48,6359.98838087643,334.4786205440139,665.3714146564156,MULT
Aircraft 49,2928.636547319522,515.8185161845818,836.8754869800102,SUKK
Aircraft 50,2638.815676977684,336.9473316207468,462.8182988009256,KARA
Aircraft 51,4894.726784139106,526.5913452889572,1254.5473371641012,SUKK
Aircraft 52,2613.817123988542,572.0827595827633,1071.8391361947702,QUET
Aircraft 53,7295.2389911781265,441.46798303844537,218.27083493381562,GWAD
Aircraft 54,7269.32130778709,597.2894179484963,1192.0181360022204,KARA
Aircraft 55,4259.113015370353,399.4925384165199,888,GWAD
Aircraft 56,3235.3353864151563,188,250.02416677050493,QUET
Aircraft 57,6362.604960899799,439.8591955515312,1466.66130731104,MULT
Aircraft 58,6847.163492195569,506.2878513839795,298.94233773242865,LAHO
Aircraft 59,6134.8835608571935,533.6189114846452,1056.3452440313622,GUJR
Aircraft 60,2622.3082168844667,188,1060.9796074633032,SIAL
Aircraft 61,3113.2705967191523,531.9863765604783,380.8560443038683,FAIS
Aircraft 62,6775.522223918625,188,374.8143048761379,ISLA
Aircraft 63,5247.242086018433,528.0855003938965,244.28996831803812,LAHO
Aircraft 64,4076.673275316759,188,1162.0441391569532,QUET
Aircraft 65,5673.11044760761,412.4704005196136,762.7038924839131,RAWA
Aircraft 66,3200.1038703610357,598.919689412649,808.9942044685555,QUET
Aircraft 67,7232.907640205379,188,1113.0307191437641,LAHO
Aircraft 68,919.0051283491841,306.1570817041589,837.6996139859152,GUJR
Aircraft 69,4755.349709171715,583.1932848769694,297.2933809336056,ISLA
Aircraft 70,2231.4047199988386,586.0292846361999,619.1744708787861,KARA
Aircraft 71,4610.02543364374,560.9696762063766,1429.5612339357933,PESH
Aircraft 72,1266.5627739390925,330.7282633690298,646.0029049116415,GUJR
Aircraft 73,791.7211636098888,358.542769459935,887.9717112878452,SIAL
Aircraft 74,1283.7177568583652,474.14074433607607,538.255707117811,FAIS
Aircraft 75,4497.976028267638,359.67621012905795,1073.8523467975588,LAHO
Aircraft 76,2054.8983310940584,380.95398182053975,699.4419444197608,QUET
Aircraft 77,553.3411531316652,364.1259428676672,1373.9790603969993,PESH
Aircraft 78,6827.523586359594,480.72948073952364,1094.808216370711,SIAL
Aircraft 79,6377.756963014132,364.63595361385364,888,QUET
Aircraft 80,5133.834880498989,188,1388.3162786464432,GUJR
Aircraft 81,5124.125006986761,598.4999309578593,570.972141474371,MULT
Aircraft 82,3373.5171091650404,188,972.9700124959211,KARA
Aircraft 83,1726.4373310203682,314.5512765718377,1404.4371819189453,GUJR
Aircraft 84,5484.589479973343,188,385.477268387768,SIAL
Aircraft 85,4566.785100633871,348.0213633219299,1267.9036046668573,FAIS
Aircraft 86,3044.4245590380538,320.09263688119677,1094.8751031035108,LAHO
Aircraft 87,3087.0906198028015,438.68761756031427,972.4327638696222,FAIS
Aircraft 88,2695.777255733693,460.6729855093426,176.202779210097,PESH
Aircraft 89,4001.9725401989617,485.30613385330287,1128.9503009904163,LAHO
Aircraft 90,6299.1643609017065,188,734.4844005337097,MULT
Aircraft 91,6816.327078136782,579.3327911540827,1375.9735043587268,GUJR
Aircraft 92,6223.841866308534,490.8164007117986,366.6198921276986,GWAD
Aircraft 93,6208.564390306632,188,888,LAHO
Aircraft 94,2962.168814857592,325.4088617353375,227.28485655403517,FAIS
Aircraft 95,3732.8584446392456,188,1312.4285298795558,ISLA
Aircraft 96,6327.007196569851,188,259.36952291305727,GUJR
Aircraft 97,2994.0010961752832,337.1504535556449,660.4839166475833,FAIS
Aircraft 98,7272.602163455983,385.09755786633605,888,LAHO
Aircraft 99,1357.822247677202,188,1420.5654886933744,GUJR
Aircraft 100,5251.289375554712,386.2274912774322,164.7738962702542,LAHO
Aircraft 101,5667.8357478202715,552.7963899443091,586.7606708089841,QUET
Aircraft 102,5004.192827044628,493.8612059957166,746.9598711649621,PESH
Aircraft 103,6385.878464274597,494.47129569390796,1278.6900144212634,SIAL
Aircraft 104,1467.99831467439,446.1900215444607,888,SIAL
Aircraft 105,931.8403348618149,438.07926726865884,170.68788881664358,RAWA
Aircraft 106,7253.681417076253,396.3328739183417,857.8047330063972,PESH
Aircraft 107,7734.964782349874,345.7080973688494,394.68183987351966,SUKK
Aircraft 108,2873.545311680492,188,1418.3106674639303,SIAL
Aircraft 109,1339.1998189832898,188,730.2580348885461,LAHO
Aircraft 110,861.247084018762,492.18179578250954,1483.1959097169029,RAWA
Aircraft 111,752.205036441335,363.58289921121224,1198.1566582300366,FAIS
Aircraft 112,6282.6332080498205,188,888,KARA
Aircraft 113,4753.244177157331,303.0244639919252,813.3490763804103,RAWA
Aircraft 114,4182.388908867901,318.3663650999106,283.38037945481074,MULT
Aircraft 115,7251.419713854885,188,887.5640968304529,LAHO
Aircraft 116,3935.2159368762073,497.4446883656735,575.2435471323092,GUJR
Aircraft 117,6262.379231512239,323.7405323649,213.45355042111163,GUJR
Aircraft 118,7845.622427457344,504.6773191196715,476.5732855490895,SIAL
Aircraft 119,3285.841979701077,597.5443039258407,1208.2026913938516,GWAD
Aircraft 120,7345.7535341705625,188,907.4200795471232,ISLA
Aircraft 121,1577.6333905814276,351.1532389875075,159.74418325288065,LAHO
Aircraft 122,1112.0550649467123,419.59611484124457,751.4310247338277,MULT
Aircraft 123,4193.1844922045475,412.11375290295393,940.7280950075655,MULT
Aircraft 124,5888.183405223222,381.16666293273653,904.2015521611751,GWAD
Aircraft 125,7658.836938318247,459.4242443076063,888,GUJR
Aircraft 126,2484.2579679387345,409.59216095099566,215.98537314352762,KARA
Aircraft 127,5947.4285695511835,576.2520266377744,281.85960335149935,ISLA
Aircraft 128,5663.608549153522,395.31265739614565,351.15412718983697,SIAL
Aircraft 129,5088.7905090282,474.612098314561,297.7088824672192,RAWA
Aircraft 130,5450.520345255524,485.0367827865957,888,RAWA
Aircraft 131,3872.1743229209133,382.35971014784604,584.3205241717208,QUET
Aircraft 132,4218.194777838986,188,460.28398285579055,RAWA
Aircraft 133,5082.920660579829,188,1253.6874346844972,GUJR
Aircraft 134,2524.9091817410244,188,372.067518062884,KARA
Aircraft 135,5856.266326415851,188,657.5981360278413,GUJR
Aircraft 136,7427.529467556749,188,1009.3702817229208,FAIS
Aircraft 137,531.9399766935554,483.3072707918099,1369.6026508952207,PESH
Aircraft 138,4405.465628902433,413.62810680382074,1254.3701443145637,ISLA
Aircraft 139,7832.3937460720335,491.9979528643137,479.6763545430139,GWAD
Aircraft 140,4363.076507961115,477.474921197145,1337.236537995416,GUJR
Aircraft 141,1861.4529022586955,580.6332461547453,1406.1966371798087,GWAD
Aircraft 142,4739.2220026248815,300.9999647727922,516.2157426407359,RAWA
Aircraft 143,4400.83824437444,347.27497488953674,1109.6299695323155,ISLA
Aircraft 144,5185.982764102994,467.82644183509194,861.9677016280058,SUKK
Aircraft 145,2291.803323341947,188,587.5891326055087,PESH
Aircraft 146,4537.328914776544,558.1108708898512,1027.6836507206074,RAWA
Aircraft 147,2926.0247706759033,427.8293100592662,939.1895339436439,QUET
Aircraft 148,2281.510115128803,188,1128.8230975114916,FAIS
Aircraft 149,7481.834432212208,188,888,SIAL
Aircraft 150,566.045687752957,458.34006690305887,106.09340353994132,LAHO
Aircraft 151,7251.9174893841555,309.2354649789943,127.61701976410313,LAHO
Aircraft 152,5018.369550788984,492.9824474307073,1429.4187077806516,RAWA
Aircraft 153,4731.52142310133,431.08417115395605,1351.2283062934953,FAIS
Aircraft 154,2785.1827701120415,433.90818444030566,520.2714817829309,KARA
Aircraft 155,3366.7132799170613,188,1375.5592971857545,RAWA
Aircraft 156,729.38933291956,482.7276879754552,694.1545278699936,MULT
Aircraft 157,7989.610754905063,502.75623572874065,1146.2209080018638,KARA
Aircraft 158,7985.322943466373,188,868.1974083347609,PESH
Aircraft 159,3254.944213813431,493.1294315622417,888,MULT
Aircraft 160,4137.845951532254,350.2834582395937,751.2347592006709,MULT
Aircraft 161,6748.013567331787,524.2607085562947,919.220084566139,LAHO
Aircraft 162,3276.3269722024434,483.37837534004905,1132.5844134226556,GWAD
Aircraft 163,4533.514068676259,357.7393920403416,888,GWAD
Aircraft 164,5402.129130903152,301.1529003647228,463.2113801422432,KARA
Aircraft 165,1122.7199725908997,551.7604264637789,1086.203303911937,MULT
Aircraft 166,4416.032066831378,392.7485996563719,168.13801146357605,QUET
Aircraft 167,7384.447792144864,188,325.8811214098316,KARA
Aircraft 168,7134.5814657101655,337.43705778041465,946.5887777273771,PESH
Aircraft 169,5380.997355847336,332.49555925056046,1480.7124283451863,GWAD
Aircraft 170,5561.37336050483,317.4685335877065,743.6643197630021,QUET
Aircraft 171,6160.830885682762,418.5731714034367,1442.2558324918914,SIAL
Aircraft 172,3202.4107634302077,552.603403843395,1028.8841686297199,GUJR
Aircraft 173,1922.8861215291183,522.1200450207269,799.3295807603267,MULT
Aircraft 174,7276.901910100602,188,888,GUJR
Aircraft 175,3664.712689317789,507.78781098157197,248.51056374978393,RAWA
Aircraft 176,1518.3562825318415,324.60603049779263,1336.4717610942141,QUET
Aircraft 177,7960.597114832761,523.8643107763813,888,KARA
Aircraft 178,635.0947298874769,563.0766163407352,871.197612417826,RAWA
Aircraft 179,6521.16118505835,337.2404515350602,457.98758856081787,KARA
Aircraft 180,4323.204967321988,556.2728742735037,1208.7002689062424,FAIS
Aircraft 181,2577.881009245756,342.1304343852465,1091.5121141822983,GUJR
Aircraft 182,4009.0673271746105,365.6344195426311,126.07566247989752,LAHO
Aircraft 183,2962.2176461801537,433.42926305314745,1089.7982403547894,RAWA
Aircraft 184,5875.202114245985,310.73728392843066,768.7796263500403,KARA
Aircraft 185,1167.2220177146942,533.8465180277909,731.8992313971305,LAHO
Aircraft 186,6006.645993568889,188,554.3239631410123,RAWA
Aircraft 187,6008.909957889085,347.04978631942413,888,FAIS
Aircraft 188,6438.569877907417,571.5769814104431,888,GWAD
Aircraft 189,7637.834920692695,412.99687144915714,1473.6128907868947,PESH
Aircraft 190,2259.0072452313425,433.8990560657175,1421.4203246739496,KARA
Aircraft 191,7904.567973038848,476.9111410298308,224.7303259236374,GUJR
Aircraft 192,1154.9953378763717,581.5605650132786,272.8594013683461,KARA
Aircraft 193,4866.160742396793,523.0336572113879,756.5733257741007,LAHO
Aircraft 194,6354.106328674864,188,272.1275347658452,GUJR
Aircraft 195,5015.977366386837,188,1324.3519370893985,ISLA
Aircraft 196,922.7104125777364,532.4073349924397,519.8913783898183,SUKK
Aircraft 197,1758.2302069203968,376.2186300763377,888,MULT
Aircraft 198,5755.062830705974,188,1224.5840982840052,SIAL
Aircraft 199,6180.371349345429,385.3911903346039,1004.5782046802991,PESH
Aircraft 200,5969.005458529618,473.6638626526086,1079.722450680654,SIAL
Aircraft 201,4785.464372077125,496.9163810697904,1465.0430616370136,RAWA
Aircraft 202,2977.286970313162,523.2289672535951,513.227140371824,GUJR
Aircraft 203,4305.820106958206,188,927.1338614011753,MULT
Aircraft 204,3319.495649551003,408.95171754030895,1290.7335058432816,FAIS
Aircraft 205,5211.87115866635,588.9887456179794,1012.8932619401543,QUET
Aircraft 206,4503.947987600588,563.2997809172236,145.62701167901537,KARA
Aircraft 207,7172.727684154965,496.7699400912653,374.02783171303525,RAWA
Aircraft 208,6446.609879209691,311.1173334614456,1165.6778759703466,MULT
Aircraft 209,6013.056220576572,188,1271.2836685375128,FAIS
Aircraft 210,4977.315001357628,397.88302457464454,1135.19803355787,MULT
Aircraft 211,5286.457209431807,347.27121499539584,1109.5418647727054,GUJR
Aircraft 212,1054.1380567686492,491.4486595955507,1420.0817553068118,LAHO
Aircraft 213,3081.5243765304012,471.63207802338974,535.9843887039253,SIAL
Aircraft 214,4435.256907121264,508.37642556180265,1163.578380056937,LAHO
Aircraft 215,2730.100950582492,188,946.4699924936201,PESH
Aircraft 216,6260.407327926281,349.67971116480726,386.42972040108947,GWAD
Aircraft 217,2841.105800729168,560.6096478242966,737.5975249781698,SIAL
Aircraft 218,5982.3735859627905,578.5385778741935,332.97833807167825,SIAL
Aircraft 219,2569.4381335482713,188,654.8361954128029,QUET
Aircraft 220,6869.488363127772,533.5316109593908,935.5009170557721,SUKK
Aircraft 221,2522.1100364275453,188,297.1638223290018,GUJR
Aircraft 222,6059.698545253209,480.43013394467886,1331.1694223862073,SIAL
Aircraft 223,4321.2508932919045,326.80936691235075,847.414006496541,ISLA
Aircraft 224,4213.536298626484,392.0892039297586,747.6681215293536,PESH
Aircraft 225,7659.683249805062,585.0705123132275,1129.730050455081,QUET
Aircraft 226,7748.37555120834,303.1939405320428,645.8425956905444,QUET
Aircraft 227,4186.122487546202,406.52332464537994,400.0986637140619,FAIS
Aircraft 228,1970.1507463275295,188,888.4073641510876,MULT
Aircraft 229,5409.092789887897,599.3248190236659,1479.5453515129063,MULT
Aircraft 230,6166.363210648876,344.39751086101523,888,SUKK
Aircraft 231,5234.953764576121,451.54154449088344,888,PESH
Aircraft 232,3472.821560680445,498.8710910056674,805.1033520984922,QUET
Aircraft 233,7608.50079366786,581.069416532797,1248.4106531119942,GWAD
Aircraft 234,4571.441845298172,369.5458141554537,1471.9104548652488,ISLA
Aircraft 235,2709.6036455438366,188,765.6798749360147,SUKK
Aircraft 236,7268.26286837711,461.94725908798443,888,SUKK
Aircraft 237,5782.094167194967,188,132.01931917503543,GUJR
Aircraft 238,7964.077248252624,337.8944351481405,296.65091769551157,SIAL
Aircraft 239,7256.870124104712,401.8876025165604,1122.8612069264834,QUET
Aircraft 240,2282.9655636047023,595.0173198639864,419.71810173776544,GWAD
Aircraft 241,6562.721904449658,188,153.16364398448025,LAHO
Aircraft 242,4957.974651745827,459.01001617585587,1001.4518251664502,RAWA
Aircraft 243,7455.3717763202585,534.4196797139087,888,SIAL
Aircraft 244,6657.517810162928,188,853.5538803601181,RAWA
Aircraft 245,1063.2602371844123,309.53900420923964,104.28187173903669,ISLA
Aircraft 246,1618.549830832964,413.8877514690563,423.3124186360048,MULT
Aircraft 247,2264.523506229565,561.0193540528971,991.9216684739529,KARA
Aircraft 248,1187.0173498867873,574.9864745338962,891.8137714145753,GWAD
Aircraft 249,1102.685159464153,549.980545720568,362.1174290020722,QUET
Aircraft 250,5600.721421131205,464.98049113634147,436.0165435783373,PESH
Aircraft 251,1615.3215183813568,308.66335142123853,583.2041105024887,KARA
Aircraft 252,2554.3279704793317,188,1181.2023480340629,QUET
Aircraft 253,6751.162464161154,344.89150286269785,1191.6372657457161,QUET
Aircraft 254,4098.009162364699,390.2717987239016,492.4643953083711,PESH
Aircraft 255,7175.836737102443,544.5421929214843,369.07950401542655,SIAL
Aircraft 256,6294.505812831963,563.8489644253476,1468.411765080728,FAIS
Aircraft 257,7626.16693524299,188,1463.1766372752788,RAWA
Aircraft 258,6099.05144623189,188,375.03428857870614,ISLA
Aircraft 259,7539.536989449977,505.9461257916596,1037.961542211259,GUJR
Aircraft 260,3502.4313257769027,509.1514903653575,129.89420055730605,QUET
Aircraft 261,6289.111192162977,537.4599230152634,408.84157359046753,QUET
Aircraft 262,7581.0579244286155,319.51198104300045,459.1401638840723,ISLA
Aircraft 263,5233.533200207434,463.0376395387723,754.125588033018,PESH
Aircraft 264,6293.446563550764,456.22584777352563,637.933902640614,ISLA
Aircraft 265,4601.048264936995,188,299.36878489484627,SUKK
Aircraft 266,2159.1794204016346,394.04901587235213,888,PESH
Aircraft 267,6330.538660044387,596.0168934619473,1355.7498985657662,GUJR
Aircraft 268,7076.453796272561,329.1975039583685,701.8511465924931,GUJR
Aircraft 269,4202.250457180628,543.3728989012712,507.744638151385,GUJR
Aircraft 270,3307.5137948126385,459.55574479130814,510.4114790012661,FAIS
Aircraft 271,4362.625313797203,398.6329587329313,1319.2368804225737,RAWA
Aircraft 272,4166.581466517687,511.82860659120934,287.87585094988395,SUKK
Aircraft 273,1907.8477898761932,188,572.1085317647578,QUET
Aircraft 274,7023.786222213168,444.42852545388337,436.0516951017162,QUET
Aircraft 275,6009.808765749205,188,446.4454387263703,QUET
Aircraft 276,6510.438569472306,377.91772956615176,581.6110124723969,GUJR
Aircraft 277,1139.0296124563374,493.2612422519351,995.9709004570738,FAIS
Aircraft 278,5086.912123019509,495.1366138034107,1018.8935388571675,KARA
Aircraft 279,3224.125080299509,490.7898699082024,1013.45757538529,RAWA
Aircraft 280,1191.7520154402926,435.21748173103265,888,RAWA
Aircraft 281,5406.189641134589,350.97626049954215,401.13256664527046,FAIS
Aircraft 282,6532.164846160627,188,1221.0445323915258,GWAD
Aircraft 283,6638.452526969773,368.63904004237173,888,LAHO
Aircraft 284,6935.274943709648,422.921687293699,1374.1999445058061,ISLA
Aircraft 285,2497.5891244997742,188,110.39729378720095,QUET
Aircraft 286,1656.628553028329,434.4625487758644,727.4292596252865,MULT
Aircraft 287,5670.059215816748,520.8142266650424,1057.8758443494048,ISLA
Aircraft 288,2857.0802182835732,551.1240984627543,672.1582347823748,LAHO
Aircraft 289,1038.9816588904928,437.76626083778973,888,SUKK
Aircraft 290,3003.136294965352,188,102.11735680835889,SIAL
Aircraft 291,2920.363257193282,580.0927364701772,1475.0770490636053,RAWA
Aircraft 292,6275.381924682387,443.82242577498494,1043.3412730277248,QUET
Aircraft 293,3164.932126773319,501.0394158106857,847.2259806224956,GUJR
Aircraft 294,7184.879593152768,524.7199531082,1172.935454948981,KARA
Aircraft 295,4065.265242391371,557.2954348001017,827.7931939093763,SUKK
Aircraft 296,5070.2992742503,553.6786199777237,888,SUKK
Aircraft 297,3281.56451067337,517.362160603081,968.5968962701576,GWAD
Aircraft 298,5324.436970716441,411.7263953189729,888,SUKK
Aircraft 299,2219.0303837222627,430.46423017420295,598.6045708435712,MULT
Aircraft 300,7524.219931506775,307.80678922957355,1007.3017785469348,PESH
Aircraft 301,763.3307988166159,466.11888028323835,888,KARA
Aircraft 302,7983.059517588357,494.18425738169935,1126.0475482617917,GWAD
Aircraft 303,6399.779674043557,338.86843164472,978.3660489763896,FAIS
Aircraft 304,3558.867531200518,444.0533196846908,793.1030513712253,FAIS
Aircraft 305,2498.5841509478623,513.7607589470265,462.66417195015583,KARA
Aircraft 306,1538.9130815921144,593.9590245014754,888,LAHO
Aircraft 307,1827.8283459288973,380.21249310788596,1373.367197618589,GUJR
Aircraft 308,5275.414302283975,401.609184065806,157.83112808871508,GUJR
Aircraft 309,2084.660648457265,483.5852935293942,336.82004393239134,GUJR
Aircraft 310,1939.869800243405,188,1216.297270128634,KARA
Aircraft 311,5071.970522462408,356.4425887952605,815.3546355208281,RAWA
Aircraft 312,4319.178145282314,441.9310264974879,924.9510873228377,RAWA
Aircraft 313,2060.553148964407,357.1239277197652,1083.4082089290928,ISLA
Aircraft 314,4249.506031834435,541.995720585611,1264.0907523852404,RAWA
Aircraft 315,1296.3791759757273,463.9108788119966,1229.7493175344123,LAHO
Aircraft 316,3801.085435189968,188,507.4646685296026,GWAD
Aircraft 317,5446.630130473142,334.248816299344,888,PESH
Aircraft 318,6816.870380098464,360.9917321200172,220.99441962400078,RAWA
Aircraft 319,751.0006207371249,477.084970514395,1351.0280687038592,LAHO
Aircraft 320,1819.555007397066,321.0801436870406,266.1488746111371,LAHO
Aircraft 321,836.999390082936,188,1113.65514494175,SUKK
Aircraft 322,1240.563463154484,584.8248286826326,1487.8776108436073,PESH
Aircraft 323,7604.0488450924395,338.91715278548224,618.2616752206264,MULT
Aircraft 324,7999.633978584714,188,1330.4067465821752,PESH
Aircraft 325,6896.3902263273385,368.88191325433786,995.4199584246422,KARA
Aircraft 326,5465.394086633005,382.54078479446014,309.62130245699393,FAIS
Aircraft 327,2311.4706915947545,188,939.1804602056916,SIAL
Aircraft 328,2766.8834669281277,373.1222875349062,258.78870952186605,PESH
Aircraft 329,889.4840160849506,188,357.0202000039812,MULT
Aircraft 330,1910.928796945726,574.7054769690872,544.0252882330695,QUET
Aircraft 331,4994.2082910878335,188,1116.255400172411,GWAD
Aircraft 332,7330.248838952917,563.3742344040504,575.3403492761943,SUKK
Aircraft 333,7269.038736886119,188,1072.612209055785,RAWA
Aircraft 334,2854.640665067686,188,1144.4155527094454,KARA
Aircraft 335,6997.8354135250365,367.522587341937,167.9376145894869,SIAL
Aircraft 336,5680.954096224881,377.36426351519293,888,SIAL
Aircraft 337,2619.0307872191115,458.0900716296119,1057.7123139649611,GUJR
Aircraft 338,4719.460925263321,188,614.8034092345434,LAHO
Aircraft 339,6709.734390559433,188,132.57357897650203,MULT
Aircraft 340,655.7629125016632,579.1584759786017,1395.586873433287,LAHO
Aircraft 341,5587.441554169331,321.29792312243734,713.7026216010736,QUET
Aircraft 342,6721.340053114434,346.5270113186474,900.3912296986501,QUET
Aircraft 343,2547.0673423634735,188,1360.6085702738544,MULT
Aircraft 344,4379.380870688924,480.7573547829932,103.36279974984419,ISLA
Aircraft 345,1636.8224928698592,566.0145456041269,1194.9445013526415,GWAD
Aircraft 346,7207.30745376215,519.1597034385859,695.8533051211076,ISLA
Aircraft 347,4805.526218104313,363.6612720407302,889.9225852680618,KARA
Aircraft 348,3810.2695611462486,588.4823878205427,1308.4452689189843,FAIS
Aircraft 349,635.6392658103289,430.4994207018401,215.1736682040015,RAWA
Aircraft 350,3685.796927747628,389.17022601759675,200.14986009692308,GUJR
Aircraft 351,5190.735814812962,522.1186773996711,923.5974065586767,GWAD
Aircraft 352,5585.292354627655,493.8667977521754,802.1970024199511,KARA
Aircraft 353,3871.582894409961,379.1536177918754,631.1944093486248,KARA
Aircraft 354,3978.453881426315,352.31856016078984,888,KARA
Aircraft 355,1069.5008303931631,480.22020597543883,421.3837084794483,KARA
Aircraft 356,7933.935378974393,343.7682439531781,1329.2981700246628,FAIS
Aircraft 357,2339.6691350622264,554.7620928884434,788.145493542767,PESH
Aircraft 358,7983.211492228245,188,914.9157370178042,SIAL
Aircraft 359,7063.123969768977,400.1229297930953,1027.7130219222486,SIAL
Aircraft 360,6640.678545059303,583.7664753101428,491.37213952775045,SUKK
Aircraft 361,1886.747869981429,188,1461.9974404329253,PESH
Aircraft 362,4473.545487013119,188,203.10179148590095,RAWA
Aircraft 363,3967.7420111724823,548.9482092848644,1134.4402213381336,SIAL
Aircraft 364,7357.754519894591,379.06815753014536,1000.9690278579212,RAWA
Aircraft 365,4541.5483582087045,489.52985705103754,987.3825129968202,ISLA
Aircraft 366,4828.141449611086,445.8502011862307,571.0939398298107,SUKK
Aircraft 367,1974.7491683626827,520.8320538537691,825.4837482037609,SUKK
Aircraft 368,3031.034761463429,599.0946501180078,888,GUJR
Aircraft 369,7701.598947087325,498.61040352158443,1175.5422743976137,KARA
Aircraft 370,7951.713379990722,376.5504923504328,260.17408747646084,KARA
Aircraft 371,7958.914114505681,386.7813838747844,482.74568576181656,QUET
Aircraft 372,4633.66608504908,188,764.5195387261103,FAIS
Aircraft 373,5426.963264114434,544.1351515640199,511.90413751030786,GWAD
Aircraft 374,5989.633037202765,188,420.08241962005934,FAIS
Aircraft 375,5164.998785633974,368.7860410570193,294.2106918028702,KARA
Aircraft 376,2356.395518410382,313.98328139408176,1434.4013687528018,PESH
Aircraft 377,3078.3853651724985,599.6693581376614,829.2552565701594,RAWA
Aircraft 378,1188.2989906328762,452.2728598271026,784.1044421090219,GUJR
Aircraft 379,6249.514280788551,414.70270332982784,1143.6926358584733,KARA
Aircraft 380,2145.2334632679017,502.79370461340255,1064.6233656338154,RAWA
Aircraft 381,3459.8801383782643,568.9797886061131,1472.026231413585,GUJR
Aircraft 382,2505.0385199777465,452.85414730892853,888,FAIS
Aircraft 383,3205.5334426800364,416.0807330548175,837.4626846993665,MULT
Aircraft 384,3669.0184433354902,535.3238714486265,134.9016138083805,GWAD
Aircraft 385,4187.669743735997,579.4657681717013,870.3170776700309,GUJR
Aircraft 386,4781.064370876869,318.0171699378582,241.55736683593344,KARA
Aircraft 387,2302.3349389507084,455.8538109753171,366.97645737235865,QUET
Aircraft 388,2592.8444131857186,338.1963691764041,912.7808092095751,KARA
Aircraft 389,7091.502956068382,377.64874878747884,1346.4541498020355,RAWA
Aircraft 390,6285.942766609138,418.1874128352375,1080.9653332302178,GWAD
Aircraft 391,2561.845439799545,443.3409777294978,100.74691140571659,FAIS
Aircraft 392,7693.1413002931895,451.95213506933715,1456.0027919727002,PESH
Aircraft 393,2615.69301576679,188,958.8100243524764,KARA
Aircraft 394,6530.1102214319435,523.5417088944594,135.24590830597933,QUET
Aircraft 395,6692.875448343677,341.38488193674004,187.00121783788813,ISLA
Aircraft 396,5381.045849663705,441.24346994233804,1001.7551231022585,KARA
Aircraft 397,5624.245121090693,302.2140693206836,753.6474237307661,MULT
Aircraft 398,2796.116607599799,363.8766717135067,1189.3468136671293,SIAL
Aircraft 399,1731.1987846992547,527.0541049700361,1162.4687218142494,MULT
Aircraft 400,7967.9504775467,599.7727786215232,876.6979598826434,ISLA
Aircraft 401,6383.227777284506,518.7159989136352,240.07248778018317,PESH
Aircraft 402,5157.740216636999,316.7992791231239,694.6581920808696,SUKK
Aircraft 403,5456.0416847153,444.383550641365,1088.1651681530652,LAHO
Aircraft 404,5905.978029905271,393.13138295265503,619.220542183785,PESH
Aircraft 405,3441.3468964372155,428.654677975049,195.9418531689526,PESH
Aircraft 406,2243.7794363058365,188,1030.940121618296,MULT
Aircraft 407,1692.7327379368314,440.13779337656,408.40784163077984,SUKK
Aircraft 408,807.7863848908688,188,309.66263767051925,SUKK
Aircraft 409,4179.247226724052,575.4066973761222,590.3087382320396,GWAD
Aircraft 410,6308.188116966649,311.1042947309864,623.6588094104417,ISLA
Aircraft 411,5570.225983603313,428.47448364645504,186.74313212000536,GUJR
Aircraft 412,7977.658090397578,188,1128.4617656200016,ISLA
Aircraft 413,7072.843800769615,188,194.49954027478464,GWAD
Aircraft 414,5292.256714177575,323.21871087253555,1326.2480773622553,RAWA
Aircraft 415,1823.5911932644624,452.3139721461924,1127.3852704806789,QUET
Aircraft 416,7958.252213961802,590.7507710536058,1234.1600404409999,LAHO
Aircraft 417,4978.077306107362,562.0363538434303,933.4324645250929,GUJR
Aircraft 418,6749.656968403535,405.28991669460555,1234.8075119582513,KARA
Aircraft 419,2433.985243999263,383.6610347514668,1136.360543727851,PESH
Aircraft 420,1456.6639480760048,405.4040223619536,1366.1320244315457,KARA
Aircraft 421,6029.85344407427,371.68618438929474,223.89443903515013,ISLA
Aircraft 422,2612.761508104864,345.13324536803157,228.8579628288258,KARA
Aircraft 423,7128.3097727421,391.81687417379874,382.95176851440954,RAWA
Aircraft 424,1561.174794024256,533.2709151541147,1028.6355805964404,LAHO
Aircraft 425,3154.78648399608,491.77825302708357,1183.155937215705,MULT
Aircraft 426,3477.589684104755,384.1907642153178,1290.0851458087407,SIAL
Aircraft 427,3965.1562788665274,188,628.0028707604379,LAHO
Aircraft 428,7556.6539499675555,466.5765283291723,801.217695142657,QUET
Aircraft 429,5136.884361194916,188,379.25258428018356,LAHO
Aircraft 430,7548.84798137394,443.39982630334157,1296.8398592688704,SUKK
Aircraft 431,2833.679064125127,408.8788800439133,1458.081161736942,SIAL
Aircraft 432,6680.912732319555,188,879.5539363905417,LAHO
Aircraft 433,4266.181432793306,408.6065203849439,729.4834245229092,GUJR
Aircraft 434,6364.530092155962,486.1923524852782,1118.2217929276653,FAIS
Aircraft 435,1656.6480908106469,188,1102.7200082960953,QUET
Aircraft 436,1476.651524037039,426.6341818342639,1202.7152431256059,QUET
Aircraft 437,1200.465039612312,448.4223208044799,867.9468248267278,GUJR
Aircraft 438,7990.140824250082,188,253.7384744077037,FAIS
Aircraft 439,4037.772097714719,423.33985354852064,205.71257738353242,SUKK
Aircraft 440,6310.579329645551,342.06574936339734,473.6636989053415,SIAL
Aircraft 441,1870.6341570358386,188,1303.505324696814,GUJR
Aircraft 442,3760.1334742039858,425.86821762330123,583.1566674626379,SUKK
Aircraft 443,4260.072257352973,581.3446400255038,769.5926365435687,KARA
Aircraft 444,2936.7369295787985,357.65059512472953,677.8428216403529,PESH
Aircraft 445,861.240557051597,383.7724119163969,532.3035769384226,GWAD
Aircraft 446,708.3763375101713,571.9773202337061,139.1632742100947,GUJR
Aircraft 447,3735.941883828844,442.6358057178666,1240.0568131750483,LAHO
Aircraft 448,3844.8108079127455,592.0037226789664,1048.3784868995365,SUKK
Aircraft 449,4964.539091490419,475.22806407794127,1016.3338336890972,QUET
Aircraft 450,6964.98899827981,188,160.61807428262028,GUJR
Aircraft 451,968.3709942300435,188,1353.874718198696,SIAL
Aircraft 452,5889.857533641425,188,1394.576085472242,SUKK
Aircraft 453,7288.8977617897235,188,934.9532559263474,SIAL
Aircraft 454,7117.173383256724,363.45778729235394,270.2720783238516,MULT
Aircraft 455,2610.409243418433,188,924.2201531504745,MULT
Aircraft 456,1672.2432928665987,476.324183079194,242.60221023833716,SUKK
Aircraft 457,2824.205373496012,384.42204227445137,1471.523513008441,QUET
Aircraft 458,1740.044449566904,367.03671195758534,1216.929826446037,GWAD
Aircraft 459,4472.352449750959,510.22362062159414,1038.5407529251097,QUET
Aircraft 460,7912.45455590647,558.0889395641611,1305.0410199556381,SIAL
Aircraft 461,2230.672996521812,448.3924704691887,679.5848720012664,MULT
Aircraft 462,7574.364473686687,500.0240540157504,1407.8519835686939,ISLA
Aircraft 463,5079.37115737859,512.7160818966454,780.3874483562433,LAHO
Aircraft 464,7671.361859196407,565.5973037865804,888,SIAL
Aircraft 465,816.9043273946729,188,1407.5068128350551,SIAL
Aircraft 466,5541.927788800624,399.951132748781,694.552724248626,FAIS
Aircraft 467,1724.75386283715,319.0945728727118,1002.3891468734968,GWAD
Aircraft 468,7405.061135876103,328.4659669060286,954.2838188335417,ISLA
Aircraft 469,6183.444448424378,188,575.6709185825912,FAIS
Aircraft 470,6826.34155165144,532.6688253523884,1429.9122484003758,ISLA
Aircraft 471,2199.995787721832,559.0047104385046,661.9034398888599,FAIS
Aircraft 472,5031.376235869381,509.1338713095655,1207.153513199076,GWAD
Aircraft 473,1831.127492234731,568.0364094789588,862.5317036318185,QUET
Aircraft 474,4503.459295682804,354.02337867650135,481.34065928274634,MULT
Aircraft 475,4317.236528942944,302.0792926353623,271.7419951609945,GUJR
Aircraft 476,4128.735277323622,362.7140666528768,173.63887183634205,SIAL
Aircraft 477,3749.158218386157,494.40292509867277,426.46367143523645,QUET
Aircraft 478,5815.11490217703,388.05983499743695,659.793550472119,QUET
Aircraft 479,1674.8761487158329,404.72284664446363,868.9658091502902,ISLA
Aircraft 480,2537.789822803863,597.7556075937607,412.46537746660147,QUET
Aircraft 481,6184.477120494529,523.6481532633834,888,FAIS
Aircraft 482,2675.256600906181,303.7684011486973,808.5805976856707,KARA
Aircraft 483,3579.172530455583,593.6056632990994,888,GWAD
Aircraft 484,2775.8828240248104,333.9502837839369,686.557826210285,KARA
Aircraft 485,3328.017227589176,188,680.7436778780296,FAIS
Aircraft 486,6244.800526235571,341.90790046104155,1365.5890165952214,SUKK
Aircraft 487,5283.019411312276,387.26004979432065,1270.4613968259084,FAIS
Aircraft 488,6389.775985462814,582.7345308935164,950.7434258551802,MULT
Aircraft 489,1089.320686571641,381.86754284610623,625.7272335030297,FAIS
Aircraft 490,2849.9995496234164,419.991714795745,888,RAWA
Aircraft 491,822.0839445864756,595.644967890956,286.1612570087391,GWAD
Aircraft 492,2849.325171619547,371.6822878712921,1014.3085846358333,SIAL
Aircraft 493,7664.158512235688,188,1090.6906243707467,SUKK
Aircraft 494,4359.788405206964,386.1125952542159,1323.964598702782,GWAD
Aircraft 495,1680.884758534481,437.1620833586966,1120.9803157611714,SUKK
Aircraft 496,5181.394107665411,188,339.4787423314747,QUET
Aircraft 497,4037.3632275701516,424.36387046516927,1498.3034454364952,FAIS
Aircraft 498,6353.455988687472,588.66697991718,766.2862733821765,GWAD
Aircraft 499,5011.829015824471,188,421.988439688202,SIAL
Aircraft 500,659.5386896565634,344.0156862821002,209.58834829725873,SUKK
Aircraft 501,503.0439006804364,504.4120931358202,1440.6243401987483,SUKK
Aircraft 502,3418.3694243456644,357.28496910001087,184.8972056302157,MULT
Aircraft 503,6029.702129265733,405.0488274278471,1444.8253507895895,ISLA
Aircraft 504,2895.4952393106664,379.9130243590091,1267.2792735036505,LAHO
Aircraft 505,7223.015743902603,315.1612183192115,1325.3437832591362,ISLA
Aircraft 506,7673.543344535789,428.82921495423057,1182.8461664602942,FAIS
Aircraft 507,5348.283151836721,441.0640296398474,199.01843585437052,ISLA
Aircraft 508,3511.5535925278227,388.26950840772264,381.6707433755763,PESH
Aircraft 509,6481.658618013336,188,888,SIAL
Aircraft 510,4487.67235687981,188,862.2024858977584,SUKK
Aircraft 511,5665.936937440073,516.8255349648259,1412.3686993027152,ISLA
Aircraft 512,3166.7675140757133,350.4484157273705,612.9236020393855,PESH
Aircraft 513,3347.19915865196,303.8550326704437,1116.5917675139763,ISLA
Aircraft 514,2507.488038899497,335.0812762632319,856.5757454784786,ISLA
Aircraft 515,7377.628206615673,571.2965544977792,1416.9683947513167,RAWA
Aircraft 516,2972.9234162949865,188,888,ISLA
Aircraft 517,5944.353353148001,407.1422756622976,1423.0746769806992,ISLA
Aircraft 518,1665.570695575203,188,285.31846430761243,LAHO
Aircraft 519,4306.010665545691,392.0728953992713,222.31765568008223,RAWA
Aircraft 520,5265.240892779468,585.3515189110576,1495.9114340104425,ISLA
Aircraft 521,4481.499201830317,446.00618198632606,181.15639387285907,SIAL
Aircraft 522,2778.2125708899534,448.0801399587541,646.9733686503314,FAIS
Aircraft 523,3434.2693866216523,377.6037593254679,1449.2469606327536,QUET
Aircraft 524,3394.1624816813055,318.57795705820905,559.9712226328631,GUJR
Aircraft 525,1862.4555807333325,521.4015094723123,1268.4186405706437,GUJR
Aircraft 526,3253.3313327144106,188,914.4067604629139,GUJR
Aircraft 527,5398.049254742485,541.3265102369982,495.70646024565696,RAWA
Aircraft 528,7829.621650774781,188,553.3467713048948,GWAD
Aircraft 529,7210.594923546664,188,942.7491160559019,QUET
Aircraft 530,7451.058464337092,188,1036.172221869323,ISLA
Aircraft 531,1402.6812829586943,420.9807453841053,738.0256842800989,QUET
Aircraft 532,5661.5119461848335,399.81495469425664,700.1301978022316,ISLA
Aircraft 533,4368.127714866927,188,1403.5891419961881,KARA
Aircraft 534,4604.684399542111,518.4819855931617,670.7560367019975,GWAD
Aircraft 535,6695.273034519346,588.7062906522715,309.48406012940234,GWAD
Aircraft 536,859.6758627435256,462.33688129349457,762.8024365493762,QUET
Aircraft 537,1761.7287756153212,598.7139017417066,568.0658977670595,SUKK
Aircraft 538,6365.770061368861,311.867455241404,558.2556570609802,KARA
Aircraft 539,1658.3115576152193,508.1533382306038,517.2049700162281,QUET
Aircraft 540,5960.2287005759335,498.14637192933674,964.1732750183377,KARA
Aircraft 541,604.1317369106079,369.05023934766706,181.65197164170567,QUET
Aircraft 542,3410.101902452367,386.22719144786015,1401.043111971152,LAHO
Aircraft 543,7832.975363673029,519.1819201325034,916.2592086953669,SUKK
Aircraft 544,6724.321244956625,353.34803985540896,798.1069232039092,PESH
Aircraft 545,5063.937899721562,326.83625976321173,888,GUJR
Aircraft 546,2149.7142959131843,457.9356012312394,1374.93306251522,RAWA
Aircraft 547,5238.146027709473,188,913.9611663961768,PESH
Aircraft 548,1944.8247182221985,509.05878707465166,1163.752800735404,RAWA
Aircraft 549,1584.4199745642384,387.1271794375706,447.6908689737629,LAHO
Aircraft 550,5678.977698761216,430.1998498313723,466.07382964101566,LAHO
Aircraft 551,1402.4611070887954,433.0212486496151,718.4126613975492,PESH
Aircraft 552,2259.826523902519,434.9595549233667,295.0872331501256,QUET
Aircraft 553,1889.177269529604,551.235412968963,888,GWAD
Aircraft 554,5002.444080402924,445.30095672290736,816.1548348407676,FAIS
Aircraft 555,7592.7826213654835,511.55373371865755,592.571788362091,QUET
Aircraft 556,2925.330333749185,387.82992075064067,310.3262870043916,QUET
Aircraft 557,1030.4558478943318,395.2602806154846,574.5084421665392,KARA
Aircraft 558,3747.144703874839,459.0589513914247,1295.1652762941887,GUJR
Aircraft 559,1838.4443542259355,188,277.47047136966,FAIS
Aircraft 560,539.5668915175298,422.8797615590912,496.05974392239165,GUJR
Aircraft 561,1787.02970517775,471.56030896088134,241.4970404752114,RAWA
Aircraft 562,4043.120309602226,496.3476590839763,244.0771275493848,FAIS
Aircraft 563,3768.6804860977827,547.2054723323411,820.8556330265326,SIAL
Aircraft 564,6469.347878174331,310.9564097166338,212.0773704175761,GWAD
Aircraft 565,5973.235242271637,510.54835555597947,1058.1157183024466,ISLA
Aircraft 566,677.2323610437797,188,662.5044865830877,SIAL
Aircraft 567,5004.300154838618,487.4536296770162,795.7993920286882,FAIS
Aircraft 568,2020.655251484921,585.3661902375184,685.1736942403074,ISLA
Aircraft 569,7059.390744344366,465.7024586561206,1100.5896821115912,RAWA
Aircraft 570,3095.4531126085294,462.3712180441515,1272.199641772481,SUKK
Aircraft 571,3174.781023496102,406.0917491644869,888,GUJR
Aircraft 572,1997.4103253289404,340.6138945426774,1063.1394704790187,ISLA
Aircraft 573,4908.760182377667,320.27732140153665,853.8418648843793,GUJR
Aircraft 574,4967.953494788915,374.61029218412125,578.9889724274818,MULT
Aircraft 575,5283.354506209696,479.2469099180868,309.6201581082754,GUJR
Aircraft 576,3809.8810712324344,505.13532654862433,1074.7795587738133,SIAL
Aircraft 577,1961.7776660338145,497.2042654578994,254.59608885372734,SIAL
Aircraft 578,3354.86798534574,188,1485.760077929315,GUJR
Aircraft 579,6340.551479436677,531.9169054461338,850.256858203881,PESH
Aircraft 580,4300.722704423581,522.7649949940629,888,SUKK
Aircraft 581,2194.005869375721,350.3713907135103,629.7820580856054,PESH
Aircraft 582,4513.105605724784,585.5037635767246,1392.4840531415357,RAWA
Aircraft 583,5364.954248217184,528.5242786443896,1267.008251675265,SIAL
Aircraft 584,3151.1799585234467,365.35081606602614,556.0253206943871,ISLA
Aircraft 585,7854.860307031812,379.3080695823104,1362.4675868007355,FAIS
Aircraft 586,6608.786034991524,405.6422638979426,954.2208612409083,GWAD
Aircraft 587,2664.2269114723417,356.4500266895575,1457.3105043990136,KARA
Aircraft 588,7114.383544415821,547.6464490916812,640.4897030338001,SUKK
Aircraft 589,7509.481137473977,582.0450757794813,250.38672926646913,KARA
Aircraft 590,5765.619634786869,553.981943040497,770.254631118865,PESH
Aircraft 591,1196.6540293405587,350.4021386949594,814.6035799226164,KARA
Aircraft 592,7219.437179343392,360.1713071402249,1429.379815652366,RAWA
Aircraft 593,3725.988436903674,535.4492816592045,656.4793302754931,RAWA
Aircraft 594,1481.3789714669488,382.2630407408513,571.3951809329006,GWAD
Aircraft 595,5510.072354555927,343.34598322373006,455.6394671331258,FAIS
Aircraft 596,3026.4123775503,501.15269195895644,1208.629692748157,FAIS
Aircraft 597,4188.712181795099,478.20481580909046,425.5066536511026,LAHO
Aircraft 598,1845.401124237326,513.6840578913062,1171.2319038437574,MULT
Aircraft 599,2389.7689146189336,562.3614193139058,1373.8081096532967,FAIS
Aircraft 600,5287.494829489086,461.1463439307407,1102.0331547735257,FAIS
Aircraft 601,3528.2916626131555,420.1654184553192,1135.4172138236283,ISLA
Aircraft 602,5699.244127267804,305.1647048945595,1208.482463019096,SIAL
Aircraft 603,4538.870870842009,506.2895602991423,1445.9394656096913,RAWA
Aircraft 604,7694.539013929999,330.6572121377923,306.0150878260468,RAWA
Aircraft 605,6401.73303580996,406.11351694825436,262.96572429135335,SUKK
Aircraft 606,3336.1448420322804,532.935731504409,1203.3874487021126,ISLA
Aircraft 607,1682.4993623909215,455.8305760821664,888,QUET
Aircraft 608,7090.846265806927,448.0217825004295,1405.6076314921115,SIAL
Aircraft 609,1853.3955945720686,188,417.44920584647485,RAWA
Aircraft 610,6171.816935700382,355.9907311567168,1139.9212454936505,ISLA
Aircraft 611,4211.046913553252,461.47449255406343,1180.5573222597775,QUET
Aircraft 612,4597.89222272659,313.0401058744867,931.5965402875642,LAHO
Aircraft 613,7948.8360415754305,590.3559170738954,1409.0283392492936,RAWA
Aircraft 614,2540.897366211074,328.20468405035876,608.544662040678,GWAD
Aircraft 615,6715.772165403531,482.3367417238771,358.3202558331656,GWAD
Aircraft 616,1558.0719630878546,576.0031606572758,1237.4711613233605,SUKK
Aircraft 617,6786.286395471024,188,792.7655434825123,RAWA
Aircraft 618,1422.1689711992385,442.2571129722958,369.49929694021705,ISLA
Aircraft 619,2350.6524888019667,335.4989523352182,610.6433186444757,QUET
Aircraft 620,533.7313475407491,492.9449368575554,364.57042820793663,LAHO
Aircraft 621,3921.005260418439,553.0681392772993,888,LAHO
Aircraft 622,4151.5306017628955,518.2700567838256,921.97136866407,GWAD
Aircraft 623,5458.647992927897,517.2603850433042,633.2217002867112,PESH
Aircraft 624,5774.242004956256,570.6337619590145,888,RAWA
Aircraft 625,747.5142070397882,434.69480827700386,1088.3987238796071,MULT
Aircraft 626,1356.5038138215923,594.5743985021406,379.49497319493423,LAHO
Aircraft 627,3932.7437588625958,319.230067521996,241.86792550200002,FAIS
Aircraft 628,3136.7323769794375,188,820.3041455254418,GWAD
Aircraft 629,6894.57959357219,579.9414045306296,888,GUJR
Aircraft 630,3587.2444890105185,188,593.3084451106032,QUET
Aircraft 631,4236.277876196325,380.8132398672444,814.3592563594029,LAHO
Aircraft 632,7816.379513463363,358.8688501649585,1042.9044315936746,MULT
Aircraft 633,3715.3872823552533,584.7480988751682,324.89755272564696,PESH
Aircraft 634,5477.82971418654,592.4375303239076,838.9608992889351,MULT
Aircraft 635,1988.8355438737065,527.2474803994039,574.2762991751977,ISLA
Aircraft 636,2274.1351979836063,472.329665222029,751.7258247249615,PESH
Aircraft 637,2163.753828265385,553.5272457038991,587.6845251287637,SIAL
Aircraft 638,4849.841421180588,469.23949336714,101.104975219294,FAIS
Aircraft 639,1326.607094244658,372.4121375975068,1168.5615383206223,GUJR
Aircraft 640,4149.773935540454,455.1468809368582,539.9339531815407,ISLA
Aircraft 641,7734.699633929893,522.612357294471,1203.7542137913447,LAHO
Aircraft 642,4870.8009705199265,411.1873198826987,1210.0230360383023,RAWA
Aircraft 643,1138.6005780462453,483.41350921606397,1322.9564907832116,QUET
Aircraft 644,7385.802575572505,429.3572617687139,837.496734813522,MULT
Aircraft 645,7334.911925572081,476.43370788318305,291.64430435146505,GWAD
Aircraft 646,6382.594788991127,468.3324269081876,386.1159838954589,GUJR
Aircraft 647,7479.184089507983,420.4621303757323,729.2450724123687,RAWA
Aircraft 648,6884.002485833382,591.6280917185477,1416.2878491034724,KARA
Aircraft 649,5419.839136142538,535.090908148909,530.8877630834431,SUKK
Aircraft 650,7629.1319642066,188,741.2980142639275,GWAD
Aircraft 651,6661.208128623383,188,1013.843135818505,QUET
Aircraft 652,7039.485782084959,328.9595584501515,136.96961725428588,FAIS
Aircraft 653,910.189703685919,423.2408754884975,198.3134739371123,GUJR
Aircraft 654,5222.4589003852825,565.3470265117114,728.7345060864079,ISLA
Aircraft 655,3283.363913839426,450.85584635077544,877.5073026704566,GUJR
Aircraft 656,5828.509578954149,188,720.5276495299054,MULT
Aircraft 657,7798.477927123329,369.80924547434245,448.86048040186614,PESH
Aircraft 658,1843.554016502452,430.2743172965008,1072.1934640561285,ISLA
Aircraft 659,2819.1446255143587,489.4369151700043,824.8620888322364,FAIS
Aircraft 660,1214.9899468271788,188,724.4889013913393,GUJR
Aircraft 661,849.8870611144712,188,1291.280558239563,GUJR
Aircraft 662,3529.229532766633,599.906436656535,888,SIAL
Aircraft 663,6111.602990011977,337.3765838834998,1169.2891118917244,QUET
Aircraft 664,7093.641516526432,441.62187130972666,781.2829543818635,GWAD
Aircraft 665,3373.0901457248533,384.3213093472748,1133.1484276204571,SIAL
Aircraft 666,3181.2528205821322,188,752.2515153094926,GUJR
Aircraft 667,3952.879626475142,556.6906482057644,1180.9512332260274,ISLA
Aircraft 668,2817.2187204239426,404.8791601194922,888,GWAD
Aircraft 669,4837.833071963221,589.5747148493663,1494.73827132015,LAHO
Aircraft 670,744.7916583101128,349.4494162737616,888,GWAD
Aircraft 671,5180.487667453471,363.21599317901746,842.690952275316,SIAL
Aircraft 672,4010.3991155551194,188,1059.2422373163622,LAHO
Aircraft 673,1822.2870505334997,425.8555295480028,1124.9181932082627,RAWA
Aircraft 674,7801.2452557472025,424.7309648865424,798.4583918245733,GWAD
Aircraft 675,705.6283011700672,555.5616623182748,1128.8905408208732,GWAD
Aircraft 676,7029.735093660216,341.11336351547203,888,FAIS
Aircraft 677,687.8609914935562,413.6081453768938,1153.245129725209,LAHO
Aircraft 678,5730.536718248245,389.3576360142346,594.0781793473569,MULT
Aircraft 679,975.6262719096519,523.0030498630022,326.3448408731341,SIAL
Aircraft 680,6967.804011285249,424.81787292749834,541.7668851419185,GWAD
Aircraft 681,3591.6351356741566,188,721.234420697337,GUJR
Aircraft 682,6694.181804185026,330.6457243613488,489.02402931901906,RAWA
Aircraft 683,7286.717197158248,475.2639358900708,1435.6518846555678,LAHO
Aircraft 684,3619.6846180813504,487.6767864290814,1091.0738649557138,SIAL
Aircraft 685,5053.8547026949245,570.4441850825156,1256.50719804385,MULT
Aircraft 686,1975.4558413612135,188,450.93206810439347,ISLA
Aircraft 687,3104.891502911884,392.56798928520567,1037.5434039315942,GWAD
Aircraft 688,1860.3833351148235,429.7225382406257,728.6496165550739,QUET
Aircraft 689,1748.5242939710472,361.82954947372934,291.2026173217366,QUET
Aircraft 690,5297.794243870327,460.25597246938094,1221.1161258581199,LAHO
Aircraft 691,4038.5993894994103,188,639.1212261398956,QUET
Aircraft 692,7544.7147478517845,581.1375433617287,871.1372874778293,SIAL
Aircraft 693,3924.223783241177,188,338.35990512192024,SIAL
Aircraft 694,3436.0081918887386,359.41852908866485,481.98952046068524,PESH
Aircraft 695,665.8987176267018,347.1848755254539,252.85196370537213,QUET
Aircraft 696,6515.321849029102,346.6390712454879,889.2323730770441,RAWA
Aircraft 697,2262.745859708438,454.7672489819689,990.240674628684,SIAL
Aircraft 698,3284.1007307550185,188,1306.376364094817,RAWA
Aircraft 699,6363.4004995934,379.6970050391534,498.6707965795371,GWAD
Aircraft 700,5966.729784576442,338.0609162323021,888,KARA
